-- --------------------------------------------------------
-- Host:                         127.0.0.1
-- Versión del servidor:         8.0.26 - MySQL Community Server - GPL
-- SO del servidor:              Win64
-- HeidiSQL Versión:             11.3.0.6295
-- --------------------------------------------------------

/*!40101 SET @OLD_CHARACTER_SET_CLIENT=@@CHARACTER_SET_CLIENT */;
/*!40101 SET NAMES utf8 */;
/*!50503 SET NAMES utf8mb4 */;
/*!40014 SET @OLD_FOREIGN_KEY_CHECKS=@@FOREIGN_KEY_CHECKS, FOREIGN_KEY_CHECKS=0 */;
/*!40101 SET @OLD_SQL_MODE=@@SQL_MODE, SQL_MODE='NO_AUTO_VALUE_ON_ZERO' */;
/*!40111 SET @OLD_SQL_NOTES=@@SQL_NOTES, SQL_NOTES=0 */;


-- Volcando estructura de base de datos para habi
CREATE DATABASE IF NOT EXISTS `habi` /*!40100 DEFAULT CHARACTER SET utf8mb4 COLLATE utf8mb4_0900_ai_ci */ /*!80016 DEFAULT ENCRYPTION='N' */;
USE `habi`;

-- Volcando estructura para tabla habi.departamentos
CREATE TABLE IF NOT EXISTS `departamentos` (
  `nombre` varchar(255) CHARACTER SET utf8mb4 COLLATE utf8mb4_0900_ai_ci NOT NULL,
  `codigo` int NOT NULL,
  PRIMARY KEY (`nombre`)
) ENGINE=InnoDB DEFAULT CHARSET=utf8mb3;

-- Volcando datos para la tabla habi.departamentos: ~33 rows (aproximadamente)
/*!40000 ALTER TABLE `departamentos` DISABLE KEYS */;
REPLACE INTO `departamentos` (`nombre`, `codigo`) VALUES
	('Amazonas', 91),
	('Antioquia', 5),
	('Arauca', 81),
	('Atlantico', 8),
	('Bolivar', 13),
	('Boyaca', 15),
	('Caldas', 17),
	('Caqueta', 18),
	('Casanare', 85),
	('Cauca', 19),
	('Cesar', 20),
	('Choco', 27),
	('Cordova', 23),
	('Cundinamarca', 25),
	('D. C. Santa Fe de Bogotá', 11),
	('Guainia', 94),
	('Guaviare', 95),
	('Huila', 41),
	('La Guajira', 44),
	('Magdalena', 47),
	('Meta', 50),
	('Nariño', 52),
	('Norte de Santander', 54),
	('Putumayo', 86),
	('Quindio', 63),
	('Risaralda', 66),
	('San Andres', 88),
	('Santander', 68),
	('Sucre', 70),
	('Tolima', 73),
	('Valle', 76),
	('Vaupes', 97),
	('Vichada', 99);
/*!40000 ALTER TABLE `departamentos` ENABLE KEYS */;

-- Volcando estructura para tabla habi.estados
CREATE TABLE IF NOT EXISTS `estados` (
  `status` char(50) NOT NULL DEFAULT '',
  PRIMARY KEY (`status`)
) ENGINE=InnoDB DEFAULT CHARSET=utf8mb4 COLLATE=utf8mb4_0900_ai_ci;

-- Volcando datos para la tabla habi.estados: ~4 rows (aproximadamente)
/*!40000 ALTER TABLE `estados` DISABLE KEYS */;
REPLACE INTO `estados` (`status`) VALUES
	('En_venta'),
	('Pre_venta'),
	('Remodelacion'),
	('Vendido');
/*!40000 ALTER TABLE `estados` ENABLE KEYS */;

-- Volcando estructura para tabla habi.inmuebles
CREATE TABLE IF NOT EXISTS `inmuebles` (
  `ID_inmueble` bigint NOT NULL AUTO_INCREMENT,
  `Adress` varchar(50) CHARACTER SET utf8mb4 COLLATE utf8mb4_0900_ai_ci DEFAULT NULL,
  `City_code` bigint DEFAULT NULL,
  `Department` varchar(50) CHARACTER SET utf8mb4 COLLATE utf8mb4_0900_ai_ci NOT NULL,
  `Status` char(50) CHARACTER SET utf8mb4 COLLATE utf8mb4_0900_ai_ci DEFAULT NULL,
  `Year` year DEFAULT NULL,
  `Price` bigint DEFAULT NULL,
  `Descrip` varchar(200) CHARACTER SET utf8mb4 COLLATE utf8mb4_0900_ai_ci DEFAULT 'Describa el inmueble',
  PRIMARY KEY (`ID_inmueble`),
  KEY `Departamento` (`Department`) USING BTREE,
  KEY `Estado` (`Status`) USING BTREE,
  KEY `Ciudad` (`City_code`) USING BTREE,
  CONSTRAINT `FK_inmuebles_departamentos` FOREIGN KEY (`Department`) REFERENCES `departamentos` (`nombre`),
  CONSTRAINT `FK_inmuebles_estados` FOREIGN KEY (`Status`) REFERENCES `estados` (`status`),
  CONSTRAINT `FK_inmuebles_municipios` FOREIGN KEY (`City_code`) REFERENCES `municipios` (`id`)
) ENGINE=InnoDB AUTO_INCREMENT=14 DEFAULT CHARSET=utf8mb4 COLLATE=utf8mb4_0900_ai_ci;

-- Volcando datos para la tabla habi.inmuebles: ~10 rows (aproximadamente)
/*!40000 ALTER TABLE `inmuebles` DISABLE KEYS */;
REPLACE INTO `inmuebles` (`ID_inmueble`, `Adress`, `City_code`, `Department`, `Status`, `Year`, `Price`, `Descrip`) VALUES
	(1, 'Cll 1 # 1', 2, 'Antioquia', 'En_venta', '2000', 90000000, 'Casa con 2 habitaciones, 1 baño, sala, comedor y cocina'),
	(2, 'Cll 1 # 2', 786, 'Norte de Santander', 'Pre_venta', '2001', 30000000, 'Casa grande en zona rural'),
	(3, 'Cll 1 # 3', 174, 'Bolivar', 'Vendido', '2002', 45000000, 'Casa de 3 habitaciones'),
	(4, 'Cll 1 # 4', 1059, 'Casanare', 'Remodelacion', '2003', 20000000, 'Casa 4'),
	(5, 'Cll 1 # 5', 694, 'Meta', 'En_venta', '2000', 50000000, 'Casa 5'),
	(6, 'Cll 1 # 6', 422, 'Cesar', 'Pre_venta', '2001', 35000000, 'Casa 6'),
	(7, 'Cll 1 # 7', 126, 'Atlantico', 'Remodelacion', '2002', 47000000, 'Casa 7'),
	(8, 'Cll 1 # 8', 2, 'Antioquia', 'Vendido', '2003', 45000000, 'Casa 8'),
	(9, 'Cll 1 # 9', 5, 'Tolima', 'En_venta', '2000', 20000000, 'Casa 9'),
	(10, 'Cll 1 # 10', 1059, 'Casanare', 'Pre_venta', '2001', 100000000, 'Casa 10'),
	(11, 'Cll 1 # 11', 2, 'Antioquia', 'En_venta', '2003', 1000000, 'Casa11'),
	(12, 'Cll 1 # 12', 5, 'Tolima', 'Pre_venta', '2002', 2000000, 'Casa 12'),
	(13, 'Cll 1 # 13', 2, 'Antioquia', 'En_venta', '2000', 3000000, 'Casa 13');
/*!40000 ALTER TABLE `inmuebles` ENABLE KEYS */;

-- Volcando estructura para tabla habi.municipios
CREATE TABLE IF NOT EXISTS `municipios` (
  `city_name` varchar(255) CHARACTER SET utf8mb4 COLLATE utf8mb4_0900_ai_ci NOT NULL,
  `id` bigint NOT NULL AUTO_INCREMENT,
  `departamento` varchar(255) CHARACTER SET utf8mb4 COLLATE utf8mb4_0900_ai_ci NOT NULL,
  PRIMARY KEY (`id`,`city_name`) USING BTREE,
  KEY `departamento` (`departamento`,`city_name`) USING BTREE,
  CONSTRAINT `FK_municipios_departamentos` FOREIGN KEY (`departamento`) REFERENCES `departamentos` (`nombre`)
) ENGINE=InnoDB AUTO_INCREMENT=1127 DEFAULT CHARSET=utf8mb3;

-- Volcando datos para la tabla habi.municipios: ~1,126 rows (aproximadamente)
/*!40000 ALTER TABLE `municipios` DISABLE KEYS */;
REPLACE INTO `municipios` (`city_name`, `id`, `departamento`) VALUES
	('EL ENCANTO', 1093, 'Amazonas'),
	('LA CHORRERA', 1094, 'Amazonas'),
	('LA PEDRERA', 1095, 'Amazonas'),
	('LA VICTORIA', 1096, 'Amazonas'),
	('LETICIA', 1092, 'Amazonas'),
	('MIRITI-PARANA', 1097, 'Amazonas'),
	('PUERTO ALEGRIA', 1098, 'Amazonas'),
	('PUERTO ARICA', 1099, 'Amazonas'),
	('PUERTO NARIÑO', 1100, 'Amazonas'),
	('PUERTO SANTANDER', 1101, 'Amazonas'),
	('TARAPACA', 1102, 'Amazonas'),
	('ABEJORRAL', 2, 'Antioquia'),
	('ABRIAQUI', 3, 'Antioquia'),
	('ALEJANDRIA', 4, 'Antioquia'),
	('AMAGA', 5, 'Antioquia'),
	('AMALFI', 6, 'Antioquia'),
	('ANDES', 7, 'Antioquia'),
	('ANGELOPOLIS', 8, 'Antioquia'),
	('ANGOSTURA', 9, 'Antioquia'),
	('ANORI', 10, 'Antioquia'),
	('ANTIOQUIA', 11, 'Antioquia'),
	('ANZA', 12, 'Antioquia'),
	('APARTADO', 13, 'Antioquia'),
	('ARBOLETES', 14, 'Antioquia'),
	('ARGELIA', 15, 'Antioquia'),
	('ARMENIA', 16, 'Antioquia'),
	('BARBOSA', 17, 'Antioquia'),
	('BELLO', 19, 'Antioquia'),
	('BELMIRA', 18, 'Antioquia'),
	('BETANIA', 20, 'Antioquia'),
	('BETULIA', 21, 'Antioquia'),
	('BOLIVAR', 22, 'Antioquia'),
	('BRICEÑO', 23, 'Antioquia'),
	('BURITICA', 24, 'Antioquia'),
	('CACERES', 25, 'Antioquia'),
	('CAICEDO', 26, 'Antioquia'),
	('CALDAS', 27, 'Antioquia'),
	('CAMPAMENTO', 28, 'Antioquia'),
	('CAÑASGORDAS', 29, 'Antioquia'),
	('CARACOLI', 30, 'Antioquia'),
	('CARAMANTA', 31, 'Antioquia'),
	('CAREPA', 32, 'Antioquia'),
	('CARMEN DE VIBORAL', 33, 'Antioquia'),
	('CAROLINA', 34, 'Antioquia'),
	('CAUCASIA', 35, 'Antioquia'),
	('CHIGORODO', 36, 'Antioquia'),
	('CISNEROS', 37, 'Antioquia'),
	('COCORNA', 38, 'Antioquia'),
	('CONCEPCION', 39, 'Antioquia'),
	('CONCORDIA', 40, 'Antioquia'),
	('COPACABANA', 41, 'Antioquia'),
	('DABEIBA', 42, 'Antioquia'),
	('DON MATIAS', 43, 'Antioquia'),
	('EBEJICO', 44, 'Antioquia'),
	('EL BAGRE', 45, 'Antioquia'),
	('ENTRERRIOS', 46, 'Antioquia'),
	('ENVIGADO', 47, 'Antioquia'),
	('FREDONIA', 48, 'Antioquia'),
	('FRONTINO', 49, 'Antioquia'),
	('GIRALDO', 50, 'Antioquia'),
	('GIRARDOTA', 51, 'Antioquia'),
	('GOMEZ PLATA', 52, 'Antioquia'),
	('GRANADA', 53, 'Antioquia'),
	('GUADALUPE', 54, 'Antioquia'),
	('GUARNE', 55, 'Antioquia'),
	('GUATAPE', 56, 'Antioquia'),
	('HELICONIA', 57, 'Antioquia'),
	('HISPANIA', 58, 'Antioquia'),
	('ITAGUI', 59, 'Antioquia'),
	('ITUANGO', 60, 'Antioquia'),
	('JARDIN', 61, 'Antioquia'),
	('JERICO', 62, 'Antioquia'),
	('LA CEJA', 63, 'Antioquia'),
	('LA ESTRELLA', 64, 'Antioquia'),
	('LA PINTADA', 65, 'Antioquia'),
	('LA UNION', 66, 'Antioquia'),
	('LIBORINA', 67, 'Antioquia'),
	('MACEO', 68, 'Antioquia'),
	('MARINILLA', 69, 'Antioquia'),
	('MEDELLIN', 1, 'Antioquia'),
	('MONTEBELLO', 70, 'Antioquia'),
	('MURINDO', 71, 'Antioquia'),
	('MUTATA', 72, 'Antioquia'),
	('NARIÑO', 73, 'Antioquia'),
	('NECHI', 75, 'Antioquia'),
	('NECOCLI', 74, 'Antioquia'),
	('OLAYA', 76, 'Antioquia'),
	('PEÑOL', 77, 'Antioquia'),
	('PEQUE', 78, 'Antioquia'),
	('PUEBLORRICO', 79, 'Antioquia'),
	('PUERTO BERRIO', 80, 'Antioquia'),
	('PUERTO NARE (LA MAGDALENA)', 81, 'Antioquia'),
	('PUERTO TRIUNFO', 82, 'Antioquia'),
	('REMEDIOS', 83, 'Antioquia'),
	('RETIRO', 84, 'Antioquia'),
	('RIONEGRO', 85, 'Antioquia'),
	('SABANALARGA', 86, 'Antioquia'),
	('SABANETA', 87, 'Antioquia'),
	('SALGAR', 88, 'Antioquia'),
	('SAN ANDRES', 89, 'Antioquia'),
	('SAN CARLOS', 90, 'Antioquia'),
	('SAN FRANCISCO', 91, 'Antioquia'),
	('SAN JERONIMO', 92, 'Antioquia'),
	('SAN JOSE DE LA MONTAÑA', 93, 'Antioquia'),
	('SAN JUAN DE URABA', 94, 'Antioquia'),
	('SAN LUIS', 95, 'Antioquia'),
	('SAN PEDRO', 96, 'Antioquia'),
	('SAN PEDRO DE URABA', 97, 'Antioquia'),
	('SAN RAFAEL', 98, 'Antioquia'),
	('SAN ROQUE', 99, 'Antioquia'),
	('SAN VICENTE', 100, 'Antioquia'),
	('SANTA BARBARA', 101, 'Antioquia'),
	('SANTA ROSA DE OSOS', 102, 'Antioquia'),
	('SANTO DOMINGO', 103, 'Antioquia'),
	('SANTUARIO', 104, 'Antioquia'),
	('SEGOVIA', 105, 'Antioquia'),
	('SONSON', 106, 'Antioquia'),
	('SOPETRAN', 107, 'Antioquia'),
	('TAMESIS', 108, 'Antioquia'),
	('TARAZA', 109, 'Antioquia'),
	('TARSO', 110, 'Antioquia'),
	('TITIRIBI', 111, 'Antioquia'),
	('TOLEDO', 112, 'Antioquia'),
	('TURBO', 113, 'Antioquia'),
	('URAMITA', 114, 'Antioquia'),
	('URRAO', 115, 'Antioquia'),
	('VALDIVIA', 116, 'Antioquia'),
	('VALPARAISO', 117, 'Antioquia'),
	('VEGACHI', 118, 'Antioquia'),
	('VENECIA', 119, 'Antioquia'),
	('VIGIA DEL FUERTE', 120, 'Antioquia'),
	('YALI', 121, 'Antioquia'),
	('YARUMAL', 122, 'Antioquia'),
	('YOLOMBO', 123, 'Antioquia'),
	('YONDO', 124, 'Antioquia'),
	('ZARAGOZA', 125, 'Antioquia'),
	('ARAUCA', 1051, 'Arauca'),
	('ARAUQUITA', 1052, 'Arauca'),
	('CRAVO NORTE', 1053, 'Arauca'),
	('FORTUL', 1054, 'Arauca'),
	('PUERTO RONDON', 1055, 'Arauca'),
	('SARAVENA', 1056, 'Arauca'),
	('TAME', 1057, 'Arauca'),
	('BARANOA', 127, 'Atlantico'),
	('BARRANQUILLA (DISTRITO ESPECIAL INDUSTRIAL Y PORTUARIO DE BARRANQUILLA)', 126, 'Atlantico'),
	('CAMPO DE LA CRUZ', 128, 'Atlantico'),
	('CANDELARIA', 129, 'Atlantico'),
	('GALAPA', 130, 'Atlantico'),
	('JUAN DE ACOSTA', 131, 'Atlantico'),
	('LURUACO', 132, 'Atlantico'),
	('MALAMBO', 133, 'Atlantico'),
	('MANATI', 134, 'Atlantico'),
	('PALMAR DE VARELA', 135, 'Atlantico'),
	('PIOJO', 136, 'Atlantico'),
	('POLO NUEVO', 137, 'Atlantico'),
	('PONEDERA', 138, 'Atlantico'),
	('PUERTO COLOMBIA', 139, 'Atlantico'),
	('REPELON', 140, 'Atlantico'),
	('SABANAGRANDE', 141, 'Atlantico'),
	('SABANALARGA', 142, 'Atlantico'),
	('SANTA LUCIA', 143, 'Atlantico'),
	('SANTO TOMAS', 144, 'Atlantico'),
	('SOLEDAD', 145, 'Atlantico'),
	('SUAN', 146, 'Atlantico'),
	('TUBARA', 147, 'Atlantico'),
	('USIACURI', 148, 'Atlantico'),
	('ACHI', 171, 'Bolivar'),
	('ALTOS DEL ROSARIO', 172, 'Bolivar'),
	('ARENAL', 173, 'Bolivar'),
	('ARJONA', 174, 'Bolivar'),
	('ARROYOHONDO', 175, 'Bolivar'),
	('BARRANCO DE LOBA', 176, 'Bolivar'),
	('CALAMAR', 177, 'Bolivar'),
	('CANTAGALLO', 178, 'Bolivar'),
	('CARTAGENA (DISTRITO TURISTICO Y CULTURAL DE CARTAGENA)', 170, 'Bolivar'),
	('CICUCO', 179, 'Bolivar'),
	('CLEMENCIA', 181, 'Bolivar'),
	('CORDOBA', 180, 'Bolivar'),
	('EL CARMEN DE BOLIVAR', 182, 'Bolivar'),
	('EL GUAMO', 183, 'Bolivar'),
	('EL PEÑON', 184, 'Bolivar'),
	('HATILLO DE LOBA', 185, 'Bolivar'),
	('MAGANGUE', 186, 'Bolivar'),
	('MAHATES', 187, 'Bolivar'),
	('MARGARITA', 188, 'Bolivar'),
	('MARIA LA BAJA', 189, 'Bolivar'),
	('MOMPOS', 191, 'Bolivar'),
	('MONTECRISTO', 190, 'Bolivar'),
	('MORALES', 192, 'Bolivar'),
	('PINILLOS', 193, 'Bolivar'),
	('REGIDOR', 194, 'Bolivar'),
	('RIO VIEJO', 195, 'Bolivar'),
	('SAN CRISTOBAL', 196, 'Bolivar'),
	('SAN ESTANISLAO', 197, 'Bolivar'),
	('SAN FERNANDO', 198, 'Bolivar'),
	('SAN JACINTO', 199, 'Bolivar'),
	('SAN JACINTO DEL CAUCA', 200, 'Bolivar'),
	('SAN JUAN NEPOMUCENO', 201, 'Bolivar'),
	('SAN MARTIN DE LOBA', 202, 'Bolivar'),
	('SAN PABLO', 203, 'Bolivar'),
	('SANTA CATALINA', 204, 'Bolivar'),
	('SANTA ROSA', 205, 'Bolivar'),
	('SANTA ROSA DEL SUR', 206, 'Bolivar'),
	('SIMITI', 207, 'Bolivar'),
	('SOPLAVIENTO', 208, 'Bolivar'),
	('TALAIGUA NUEVO', 209, 'Bolivar'),
	('TIQUISIO (PUERTO RICO)', 210, 'Bolivar'),
	('TURBACO', 211, 'Bolivar'),
	('TURBANA', 212, 'Bolivar'),
	('VILLANUEVA', 213, 'Bolivar'),
	('ZAMBRANO', 214, 'Bolivar'),
	('ALMEIDA', 216, 'Boyaca'),
	('AQUITANIA', 217, 'Boyaca'),
	('ARCABUCO', 218, 'Boyaca'),
	('BELEN', 219, 'Boyaca'),
	('BERBEO', 220, 'Boyaca'),
	('BETEITIVA', 221, 'Boyaca'),
	('BOAVITA', 222, 'Boyaca'),
	('BOYACA', 223, 'Boyaca'),
	('BRICEÑO', 224, 'Boyaca'),
	('BUENAVISTA', 225, 'Boyaca'),
	('BUSBANZA', 226, 'Boyaca'),
	('CALDAS', 227, 'Boyaca'),
	('CAMPOHERMOSO', 228, 'Boyaca'),
	('CERINZA', 229, 'Boyaca'),
	('CHINAVITA', 230, 'Boyaca'),
	('CHIQUINQUIRA', 231, 'Boyaca'),
	('CHIQUIZA', 244, 'Boyaca'),
	('CHISCAS', 232, 'Boyaca'),
	('CHITA', 233, 'Boyaca'),
	('CHITARAQUE', 234, 'Boyaca'),
	('CHIVATA', 235, 'Boyaca'),
	('CHIVOR', 245, 'Boyaca'),
	('CIENEGA', 236, 'Boyaca'),
	('COMBITA', 237, 'Boyaca'),
	('COPER', 238, 'Boyaca'),
	('CORRALES', 239, 'Boyaca'),
	('COVARACHIA', 240, 'Boyaca'),
	('CUBARA', 241, 'Boyaca'),
	('CUCAITA', 242, 'Boyaca'),
	('CUITIVA', 243, 'Boyaca'),
	('DUITAMA', 246, 'Boyaca'),
	('EL COCUY', 247, 'Boyaca'),
	('EL ESPINO', 248, 'Boyaca'),
	('FIRAVITOBA', 249, 'Boyaca'),
	('FLORESTA', 250, 'Boyaca'),
	('GACHANTIVA', 251, 'Boyaca'),
	('GAMEZA', 252, 'Boyaca'),
	('GARAGOA', 253, 'Boyaca'),
	('GUACAMAYAS', 254, 'Boyaca'),
	('GUATEQUE', 255, 'Boyaca'),
	('GUAYATA', 256, 'Boyaca'),
	('GUICAN', 257, 'Boyaca'),
	('IZA', 258, 'Boyaca'),
	('JENESANO', 259, 'Boyaca'),
	('JERICO', 260, 'Boyaca'),
	('LA CAPILLA', 262, 'Boyaca'),
	('LA UVITA', 264, 'Boyaca'),
	('LA VICTORIA', 263, 'Boyaca'),
	('LABRANZAGRANDE', 261, 'Boyaca'),
	('MACANAL', 266, 'Boyaca'),
	('MARIPI', 267, 'Boyaca'),
	('MIRAFLORES', 268, 'Boyaca'),
	('MONGUA', 269, 'Boyaca'),
	('MONGUI', 270, 'Boyaca'),
	('MONIQUIRA', 271, 'Boyaca'),
	('MOTAVITA', 272, 'Boyaca'),
	('MUZO', 273, 'Boyaca'),
	('NOBSA', 274, 'Boyaca'),
	('NUEVO COLON', 275, 'Boyaca'),
	('OICATA', 276, 'Boyaca'),
	('OTANCHE', 277, 'Boyaca'),
	('PACHAVITA', 278, 'Boyaca'),
	('PAEZ', 279, 'Boyaca'),
	('PAIPA', 280, 'Boyaca'),
	('PAJARITO', 281, 'Boyaca'),
	('PANQUEBA', 282, 'Boyaca'),
	('PAUNA', 283, 'Boyaca'),
	('PAYA', 284, 'Boyaca'),
	('PAZ DEL RIO', 285, 'Boyaca'),
	('PESCA', 286, 'Boyaca'),
	('PISBA', 287, 'Boyaca'),
	('PUERTO BOYACA', 288, 'Boyaca'),
	('QUIPAMA', 289, 'Boyaca'),
	('RAMIRIQUI', 290, 'Boyaca'),
	('RAQUIRA', 291, 'Boyaca'),
	('RONDON', 292, 'Boyaca'),
	('SABOYA', 293, 'Boyaca'),
	('SACHICA', 294, 'Boyaca'),
	('SAMACA', 295, 'Boyaca'),
	('SAN EDUARDO', 296, 'Boyaca'),
	('SAN JOSE DE PARE', 297, 'Boyaca'),
	('SAN LUIS DE GACENO', 298, 'Boyaca'),
	('SAN MATEO', 299, 'Boyaca'),
	('SAN MIGUEL DE SEMA', 300, 'Boyaca'),
	('SAN PABLO DE BORBUR', 301, 'Boyaca'),
	('SANTA MARIA', 303, 'Boyaca'),
	('SANTA ROSA DE VITERBO', 304, 'Boyaca'),
	('SANTA SOFIA', 305, 'Boyaca'),
	('SANTANA', 302, 'Boyaca'),
	('SATIVANORTE', 306, 'Boyaca'),
	('SATIVASUR', 307, 'Boyaca'),
	('SIACHOQUE', 308, 'Boyaca'),
	('SOATA', 309, 'Boyaca'),
	('SOCHA', 311, 'Boyaca'),
	('SOCOTA', 310, 'Boyaca'),
	('SOGAMOSO', 312, 'Boyaca'),
	('SOMONDOCO', 313, 'Boyaca'),
	('SORA', 314, 'Boyaca'),
	('SORACA', 316, 'Boyaca'),
	('SOTAQUIRA', 315, 'Boyaca'),
	('SUSACON', 317, 'Boyaca'),
	('SUTAMARCHAN', 318, 'Boyaca'),
	('SUTATENZA', 319, 'Boyaca'),
	('TASCO', 320, 'Boyaca'),
	('TENZA', 321, 'Boyaca'),
	('TIBANA', 322, 'Boyaca'),
	('TIBASOSA', 323, 'Boyaca'),
	('TINJACA', 324, 'Boyaca'),
	('TIPACOQUE', 325, 'Boyaca'),
	('TOCA', 326, 'Boyaca'),
	('TOGUI', 327, 'Boyaca'),
	('TOPAGA', 328, 'Boyaca'),
	('TOTA', 329, 'Boyaca'),
	('TUNJA', 215, 'Boyaca'),
	('TUNUNGUA', 330, 'Boyaca'),
	('TURMEQUE', 331, 'Boyaca'),
	('TUTA', 332, 'Boyaca'),
	('TUTASA', 333, 'Boyaca'),
	('UMBITA', 334, 'Boyaca'),
	('VENTAQUEMADA', 335, 'Boyaca'),
	('VILLA DE LEIVA', 265, 'Boyaca'),
	('VIRACACHA', 336, 'Boyaca'),
	('ZETAQUIRA', 337, 'Boyaca'),
	('AGUADAS', 339, 'Caldas'),
	('ANSERMA', 340, 'Caldas'),
	('ARANZAZU', 341, 'Caldas'),
	('BELALCAZAR', 342, 'Caldas'),
	('CHINCHINA', 343, 'Caldas'),
	('FILADELFIA', 344, 'Caldas'),
	('LA DORADA', 345, 'Caldas'),
	('LA MERCED', 346, 'Caldas'),
	('MANIZALES', 338, 'Caldas'),
	('MANZANARES', 347, 'Caldas'),
	('MARMATO', 348, 'Caldas'),
	('MARQUETALIA', 349, 'Caldas'),
	('MARULANDA', 350, 'Caldas'),
	('NEIRA', 351, 'Caldas'),
	('NORCASIA', 352, 'Caldas'),
	('PACORA', 353, 'Caldas'),
	('PALESTINA', 354, 'Caldas'),
	('PENSILVANIA', 355, 'Caldas'),
	('RIOSUCIO', 356, 'Caldas'),
	('RISARALDA', 357, 'Caldas'),
	('SALAMINA', 358, 'Caldas'),
	('SAMANA', 359, 'Caldas'),
	('SAN JOSE', 360, 'Caldas'),
	('SUPIA', 361, 'Caldas'),
	('VICTORIA', 362, 'Caldas'),
	('VILLAMARIA', 363, 'Caldas'),
	('VITERBO', 364, 'Caldas'),
	('ALBANIA', 366, 'Caqueta'),
	('BELEN DE LOS ANDAQUIES', 367, 'Caqueta'),
	('CARTAGENA DEL CHAIRA', 368, 'Caqueta'),
	('CURILLO', 369, 'Caqueta'),
	('EL DONCELLO', 370, 'Caqueta'),
	('EL PAUJIL', 371, 'Caqueta'),
	('FLORENCIA', 365, 'Caqueta'),
	('LA MONTAÑITA', 372, 'Caqueta'),
	('MILAN', 373, 'Caqueta'),
	('MORELIA', 374, 'Caqueta'),
	('PUERTO RICO', 375, 'Caqueta'),
	('SAN JOSE DE FRAGUA', 376, 'Caqueta'),
	('SAN VICENTE DEL CAGUAN', 377, 'Caqueta'),
	('SOLANO', 378, 'Caqueta'),
	('SOLITA', 379, 'Caqueta'),
	('VALPARAISO', 380, 'Caqueta'),
	('AGUAZUL', 1059, 'Casanare'),
	('CHAMEZA', 1060, 'Casanare'),
	('HATO COROZAL', 1061, 'Casanare'),
	('LA SALINA', 1062, 'Casanare'),
	('MANI', 1063, 'Casanare'),
	('MONTERREY', 1064, 'Casanare'),
	('NUNCHIA', 1065, 'Casanare'),
	('OROCUE', 1066, 'Casanare'),
	('PAZ DE ARIPORO', 1067, 'Casanare'),
	('PORE', 1068, 'Casanare'),
	('RECETOR', 1069, 'Casanare'),
	('SABANALARGA', 1070, 'Casanare'),
	('SACAMA', 1071, 'Casanare'),
	('SAN LUIS DE PALENQUE', 1072, 'Casanare'),
	('TAMARA', 1073, 'Casanare'),
	('TAURAMENA', 1074, 'Casanare'),
	('TRINIDAD', 1075, 'Casanare'),
	('VILLANUEVA', 1076, 'Casanare'),
	('YOPAL', 1058, 'Casanare'),
	('ALMAGUER', 382, 'Cauca'),
	('ARGELIA', 383, 'Cauca'),
	('BALBOA', 384, 'Cauca'),
	('BOLIVAR', 385, 'Cauca'),
	('BUENOS AIRES', 386, 'Cauca'),
	('CAJIBIO', 387, 'Cauca'),
	('CALDONO', 388, 'Cauca'),
	('CALOTO', 389, 'Cauca'),
	('CORINTO', 390, 'Cauca'),
	('EL TAMBO', 391, 'Cauca'),
	('FLORENCIA', 392, 'Cauca'),
	('GUAPI', 393, 'Cauca'),
	('INZA', 394, 'Cauca'),
	('JAMBALO', 395, 'Cauca'),
	('LA SIERRA', 396, 'Cauca'),
	('LA VEGA', 397, 'Cauca'),
	('LOPEZ (MICAY)', 398, 'Cauca'),
	('MERCADERES', 399, 'Cauca'),
	('MIRANDA', 400, 'Cauca'),
	('MORALES', 401, 'Cauca'),
	('PADILLA', 402, 'Cauca'),
	('PAEZ (BELALCAZAR)', 403, 'Cauca'),
	('PATIA (EL BORDO)', 404, 'Cauca'),
	('PIAMONTE', 405, 'Cauca'),
	('PIENDAMO', 406, 'Cauca'),
	('POPAYAN', 381, 'Cauca'),
	('PUERTO TEJADA', 407, 'Cauca'),
	('PURACE (COCONUCO)', 408, 'Cauca'),
	('ROSAS', 409, 'Cauca'),
	('SAN SEBASTIAN', 410, 'Cauca'),
	('SANTA ROSA', 412, 'Cauca'),
	('SANTANDER DE QUILICHAO', 411, 'Cauca'),
	('SILVIA', 413, 'Cauca'),
	('SOTARA (PAISPAMBA)', 414, 'Cauca'),
	('SUAREZ', 415, 'Cauca'),
	('TIMBIO', 416, 'Cauca'),
	('TIMBIQUI', 417, 'Cauca'),
	('TORIBIO', 418, 'Cauca'),
	('TOTORO', 419, 'Cauca'),
	('VILLARICA', 420, 'Cauca'),
	('AGUACHICA', 422, 'Cesar'),
	('AGUSTIN CODAZZI', 423, 'Cesar'),
	('ASTREA', 424, 'Cesar'),
	('BECERRIL', 425, 'Cesar'),
	('BOSCONIA', 426, 'Cesar'),
	('CHIMICHAGUA', 427, 'Cesar'),
	('CHIRIGUANA', 428, 'Cesar'),
	('CURUMANI', 429, 'Cesar'),
	('EL COPEY', 430, 'Cesar'),
	('EL PASO', 431, 'Cesar'),
	('GAMARRA', 432, 'Cesar'),
	('GONZALEZ', 433, 'Cesar'),
	('LA GLORIA', 434, 'Cesar'),
	('LA JAGUA IBIRICO', 435, 'Cesar'),
	('LA PAZ (ROBLES)', 441, 'Cesar'),
	('MANAURE (BALCON DEL CESAR)', 436, 'Cesar'),
	('PAILITAS', 437, 'Cesar'),
	('PELAYA', 438, 'Cesar'),
	('PUEBLO BELLO', 439, 'Cesar'),
	('RIO DE ORO', 440, 'Cesar'),
	('SAN ALBERTO', 442, 'Cesar'),
	('SAN DIEGO', 443, 'Cesar'),
	('SAN MARTIN', 444, 'Cesar'),
	('TAMALAMEQUE', 445, 'Cesar'),
	('VALLEDUPAR', 421, 'Cesar'),
	('ACANDI', 591, 'Choco'),
	('ALTO BAUDO (PIE DE PATO)', 592, 'Choco'),
	('ATRATO', 593, 'Choco'),
	('BAGADO', 594, 'Choco'),
	('BAHIA SOLANO (MUTIS)', 595, 'Choco'),
	('BAJO BAUDO (PIZARRO)', 596, 'Choco'),
	('BOJAYA (BELLAVISTA)', 597, 'Choco'),
	('CANTON DE SAN PABLO (MANAGRU)', 598, 'Choco'),
	('CONDOTO', 599, 'Choco'),
	('EL CARMEN DE ATRATO', 600, 'Choco'),
	('ISTMINA', 602, 'Choco'),
	('JURADO', 603, 'Choco'),
	('LITORAL DEL BAJO SAN JUAN (SANTA GENOVEVA DE DOCORDO)', 601, 'Choco'),
	('LLORO', 604, 'Choco'),
	('MEDIO ATRATO', 605, 'Choco'),
	('MEDIO BAUDO', 606, 'Choco'),
	('NOVITA', 607, 'Choco'),
	('NUQUI', 608, 'Choco'),
	('QUIBDO (SAN FRANCISCO DE QUIBDO)', 590, 'Choco'),
	('RIOQUITO', 609, 'Choco'),
	('RIOSUCIO', 610, 'Choco'),
	('SAN JOSE DEL PALMAR', 611, 'Choco'),
	('SIPI', 612, 'Choco'),
	('TADO', 613, 'Choco'),
	('UNGUIA', 614, 'Choco'),
	('UNION PANAMERICANA', 615, 'Choco'),
	('AYAPEL', 447, 'Cordova'),
	('BUENAVISTA', 448, 'Cordova'),
	('CANALETE', 449, 'Cordova'),
	('CERETE', 450, 'Cordova'),
	('CHIMA', 451, 'Cordova'),
	('CHINU', 452, 'Cordova'),
	('CIENAGA DE ORO', 453, 'Cordova'),
	('COTORRA', 454, 'Cordova'),
	('LA APARTADA', 455, 'Cordova'),
	('LORICA', 456, 'Cordova'),
	('LOS CORDOBAS', 457, 'Cordova'),
	('MOMIL', 458, 'Cordova'),
	('MOÑITOS', 460, 'Cordova'),
	('MONTELIBANO', 459, 'Cordova'),
	('MONTERIA', 446, 'Cordova'),
	('PLANETA RICA', 461, 'Cordova'),
	('PUEBLO NUEVO', 462, 'Cordova'),
	('PUERTO ESCONDIDO', 463, 'Cordova'),
	('PUERTO LIBERTADOR', 464, 'Cordova'),
	('PURISIMA', 465, 'Cordova'),
	('SAHAGUN', 466, 'Cordova'),
	('SAN ANDRES SOTAVENTO', 467, 'Cordova'),
	('SAN ANTERO', 468, 'Cordova'),
	('SAN BERNARDO DEL VIENTO', 469, 'Cordova'),
	('SAN CARLOS', 470, 'Cordova'),
	('SAN PELAYO', 471, 'Cordova'),
	('TIERRALTA', 472, 'Cordova'),
	('VALENCIA', 473, 'Cordova'),
	('AGUA DE DIOS', 474, 'Cundinamarca'),
	('ALBAN', 475, 'Cundinamarca'),
	('ANAPOIMA', 476, 'Cundinamarca'),
	('ANOLAIMA', 477, 'Cundinamarca'),
	('APULO (RAFAEL REYES)', 548, 'Cundinamarca'),
	('ARBELAEZ', 478, 'Cundinamarca'),
	('BELTRAN', 479, 'Cundinamarca'),
	('BITUIMA', 480, 'Cundinamarca'),
	('BOJACA', 481, 'Cundinamarca'),
	('CABRERA', 482, 'Cundinamarca'),
	('CACHIPAY', 483, 'Cundinamarca'),
	('CAJICA', 484, 'Cundinamarca'),
	('CAPARRAPI', 485, 'Cundinamarca'),
	('CAQUEZA', 486, 'Cundinamarca'),
	('CARMEN DE CARUPA', 487, 'Cundinamarca'),
	('CHAGUANI', 488, 'Cundinamarca'),
	('CHIA', 489, 'Cundinamarca'),
	('CHIPAQUE', 490, 'Cundinamarca'),
	('CHOACHI', 491, 'Cundinamarca'),
	('CHOCONTA', 492, 'Cundinamarca'),
	('COGUA', 493, 'Cundinamarca'),
	('COTA', 494, 'Cundinamarca'),
	('CUCUNUBA', 495, 'Cundinamarca'),
	('EL COLEGIO', 496, 'Cundinamarca'),
	('EL PEÑON', 497, 'Cundinamarca'),
	('EL ROSAL', 498, 'Cundinamarca'),
	('FACATATIVA', 499, 'Cundinamarca'),
	('FOMEQUE', 500, 'Cundinamarca'),
	('FOSCA', 501, 'Cundinamarca'),
	('FUNZA', 502, 'Cundinamarca'),
	('FUQUENE', 503, 'Cundinamarca'),
	('FUSAGASUGA', 504, 'Cundinamarca'),
	('GACHALA', 505, 'Cundinamarca'),
	('GACHANCIPA', 506, 'Cundinamarca'),
	('GACHETA', 507, 'Cundinamarca'),
	('GAMA', 508, 'Cundinamarca'),
	('GIRARDOT', 509, 'Cundinamarca'),
	('GRANADA', 510, 'Cundinamarca'),
	('GUACHETA', 511, 'Cundinamarca'),
	('GUADUAS', 512, 'Cundinamarca'),
	('GUASCA', 513, 'Cundinamarca'),
	('GUATAQUI', 514, 'Cundinamarca'),
	('GUATAVITA', 515, 'Cundinamarca'),
	('GUAYABAL DE SIQUIMA', 516, 'Cundinamarca'),
	('GUAYABETAL', 517, 'Cundinamarca'),
	('GUTIERREZ', 518, 'Cundinamarca'),
	('JERUSALEN', 519, 'Cundinamarca'),
	('JUNIN', 520, 'Cundinamarca'),
	('LA CALERA', 521, 'Cundinamarca'),
	('LA MESA', 522, 'Cundinamarca'),
	('LA PALMA', 523, 'Cundinamarca'),
	('LA PEÑA', 524, 'Cundinamarca'),
	('LA VEGA', 525, 'Cundinamarca'),
	('LENGUAZAQUE', 526, 'Cundinamarca'),
	('MACHETA', 527, 'Cundinamarca'),
	('MADRID', 528, 'Cundinamarca'),
	('MANTA', 529, 'Cundinamarca'),
	('MEDINA', 530, 'Cundinamarca'),
	('MOSQUERA', 531, 'Cundinamarca'),
	('NARIÑO', 532, 'Cundinamarca'),
	('NEMOCON', 533, 'Cundinamarca'),
	('NILO', 534, 'Cundinamarca'),
	('NIMAIMA', 535, 'Cundinamarca'),
	('NOCAIMA', 536, 'Cundinamarca'),
	('PACHO', 538, 'Cundinamarca'),
	('PAIME', 539, 'Cundinamarca'),
	('PANDI', 540, 'Cundinamarca'),
	('PARATEBUENO', 541, 'Cundinamarca'),
	('PASCA', 542, 'Cundinamarca'),
	('PUERTO SALGAR', 543, 'Cundinamarca'),
	('PULI', 544, 'Cundinamarca'),
	('QUEBRADANEGRA', 545, 'Cundinamarca'),
	('QUETAME', 546, 'Cundinamarca'),
	('QUIPILE', 547, 'Cundinamarca'),
	('RICAURTE', 549, 'Cundinamarca'),
	('SAN ANTONIO DEL TEQUENDAMA', 550, 'Cundinamarca'),
	('SAN BERNARDO', 551, 'Cundinamarca'),
	('SAN CAYETANO', 552, 'Cundinamarca'),
	('SAN FRANCISCO', 553, 'Cundinamarca'),
	('SAN JUAN DE RIOSECO', 554, 'Cundinamarca'),
	('SASAIMA', 555, 'Cundinamarca'),
	('SESQUILE', 556, 'Cundinamarca'),
	('SIBATE', 557, 'Cundinamarca'),
	('SILVANIA', 558, 'Cundinamarca'),
	('SIMIJACA', 559, 'Cundinamarca'),
	('SOACHA', 560, 'Cundinamarca'),
	('SOPO', 561, 'Cundinamarca'),
	('SUBACHOQUE', 562, 'Cundinamarca'),
	('SUESCA', 563, 'Cundinamarca'),
	('SUPATA', 564, 'Cundinamarca'),
	('SUSA', 565, 'Cundinamarca'),
	('SUTATAUSA', 566, 'Cundinamarca'),
	('TABIO', 567, 'Cundinamarca'),
	('TAUSA', 568, 'Cundinamarca'),
	('TENA', 569, 'Cundinamarca'),
	('TENJO', 570, 'Cundinamarca'),
	('TIBACUY', 571, 'Cundinamarca'),
	('TIBIRITA', 572, 'Cundinamarca'),
	('TOCAIMA', 573, 'Cundinamarca'),
	('TOCANCIPA', 574, 'Cundinamarca'),
	('TOPAIPI', 575, 'Cundinamarca'),
	('UBALA', 576, 'Cundinamarca'),
	('UBAQUE', 577, 'Cundinamarca'),
	('UBATE', 578, 'Cundinamarca'),
	('UNE', 579, 'Cundinamarca'),
	('UTICA', 580, 'Cundinamarca'),
	('VENECIA (OSPINA PEREZ)', 537, 'Cundinamarca'),
	('VERGARA', 581, 'Cundinamarca'),
	('VIANI', 582, 'Cundinamarca'),
	('VILLAGOMEZ', 583, 'Cundinamarca'),
	('VILLAPINZON', 584, 'Cundinamarca'),
	('VILLETA', 585, 'Cundinamarca'),
	('VIOTA', 586, 'Cundinamarca'),
	('YACOPI', 587, 'Cundinamarca'),
	('ZIPACON', 588, 'Cundinamarca'),
	('ZIPAQUIRA', 589, 'Cundinamarca'),
	('ANTONIO NARIÑO', 164, 'D. C. Santa Fe de Bogotá'),
	('BARRIOS UNIDOS', 161, 'D. C. Santa Fe de Bogotá'),
	('BOSA', 156, 'D. C. Santa Fe de Bogotá'),
	('CANDELARIA', 166, 'D. C. Santa Fe de Bogotá'),
	('CHAPINERO', 151, 'D. C. Santa Fe de Bogotá'),
	('CIUDAD BOLIVAR', 168, 'D. C. Santa Fe de Bogotá'),
	('ENGATIVA', 159, 'D. C. Santa Fe de Bogotá'),
	('FONTIBON', 158, 'D. C. Santa Fe de Bogotá'),
	('KENNEDY', 157, 'D. C. Santa Fe de Bogotá'),
	('MARTIRES', 163, 'D. C. Santa Fe de Bogotá'),
	('PUENTE ARANDA', 165, 'D. C. Santa Fe de Bogotá'),
	('RAFAEL URIBE', 167, 'D. C. Santa Fe de Bogotá'),
	('SAN CRISTOBAL', 153, 'D. C. Santa Fe de Bogotá'),
	('SANTA FE', 152, 'D. C. Santa Fe de Bogotá'),
	('Santa Fe de Bogotá', 149, 'D. C. Santa Fe de Bogotá'),
	('SUBA', 160, 'D. C. Santa Fe de Bogotá'),
	('SUMAPAZ', 169, 'D. C. Santa Fe de Bogotá'),
	('TEUSAQUILLO', 162, 'D. C. Santa Fe de Bogotá'),
	('TUNJUELITO', 155, 'D. C. Santa Fe de Bogotá'),
	('USAQUEN', 150, 'D. C. Santa Fe de Bogotá'),
	('USME', 154, 'D. C. Santa Fe de Bogotá'),
	('BARRANCO MINAS', 1104, 'Guainia'),
	('CACAHUAL', 1108, 'Guainia'),
	('LA GUADALUPE', 1107, 'Guainia'),
	('MORICHAL (MORICHAL NUEVO)', 1110, 'Guainia'),
	('PANA PANA (CAMPO ALEGRE)', 1109, 'Guainia'),
	('PUERTO COLOMBIA', 1106, 'Guainia'),
	('PUERTO INIRIDA', 1103, 'Guainia'),
	('SAN FELIPE', 1105, 'Guainia'),
	('CALAMAR', 1112, 'Guaviare'),
	('EL RETORNO', 1113, 'Guaviare'),
	('MIRAFLORES', 1114, 'Guaviare'),
	('SAN JOSE DEL GUAVIARE', 1111, 'Guaviare'),
	('ACEVEDO', 617, 'Huila'),
	('AGRADO', 618, 'Huila'),
	('AIPE', 619, 'Huila'),
	('ALGECIRAS', 620, 'Huila'),
	('ALTAMIRA', 621, 'Huila'),
	('BARAYA', 622, 'Huila'),
	('CAMPOALEGRE', 623, 'Huila'),
	('COLOMBIA', 624, 'Huila'),
	('ELIAS', 625, 'Huila'),
	('GARZON', 626, 'Huila'),
	('GIGANTE', 627, 'Huila'),
	('GUADALUPE', 628, 'Huila'),
	('HOBO', 629, 'Huila'),
	('IQUIRA', 630, 'Huila'),
	('ISNOS (SAN JOSE DE ISNOS)', 631, 'Huila'),
	('LA ARGENTINA', 632, 'Huila'),
	('LA PLATA', 633, 'Huila'),
	('NATAGA', 634, 'Huila'),
	('NEIVA', 616, 'Huila'),
	('OPORAPA', 635, 'Huila'),
	('PAICOL', 636, 'Huila'),
	('PALERMO', 637, 'Huila'),
	('PALESTINA', 638, 'Huila'),
	('PITAL', 639, 'Huila'),
	('PITALITO', 640, 'Huila'),
	('RIVERA', 641, 'Huila'),
	('SALADOBLANCO', 642, 'Huila'),
	('SAN AGUSTIN', 643, 'Huila'),
	('SANTA MARIA', 644, 'Huila'),
	('SUAZA', 645, 'Huila'),
	('TARQUI', 646, 'Huila'),
	('TELLO', 648, 'Huila'),
	('TERUEL', 649, 'Huila'),
	('TESALIA', 647, 'Huila'),
	('TIMANA', 650, 'Huila'),
	('VILLAVIEJA', 651, 'Huila'),
	('YAGUARA', 652, 'Huila'),
	('BARRANCAS', 654, 'La Guajira'),
	('DIBULLA', 655, 'La Guajira'),
	('DISTRACCION', 656, 'La Guajira'),
	('EL MOLINO', 657, 'La Guajira'),
	('FONSECA', 658, 'La Guajira'),
	('HATONUEVO', 659, 'La Guajira'),
	('LA JAGUA DEL PILAR', 660, 'La Guajira'),
	('MAICAO', 661, 'La Guajira'),
	('MANAURE', 662, 'La Guajira'),
	('RIOHACHA', 653, 'La Guajira'),
	('SAN JUAN DEL CESAR', 663, 'La Guajira'),
	('URIBIA', 664, 'La Guajira'),
	('URUMITA', 665, 'La Guajira'),
	('VILLANUEVA', 666, 'La Guajira'),
	('ALGARROBO', 668, 'Magdalena'),
	('ARACATACA', 669, 'Magdalena'),
	('ARIGUANI (EL DIFICIL)', 670, 'Magdalena'),
	('CERRO SAN ANTONIO', 671, 'Magdalena'),
	('CHIVOLO', 672, 'Magdalena'),
	('CIENAGA', 673, 'Magdalena'),
	('CONCORDIA', 674, 'Magdalena'),
	('EL BANCO', 675, 'Magdalena'),
	('EL PIÑON', 676, 'Magdalena'),
	('EL RETEN', 677, 'Magdalena'),
	('FUNDACION', 678, 'Magdalena'),
	('GUAMAL', 679, 'Magdalena'),
	('PEDRAZA', 680, 'Magdalena'),
	('PIJIÑO DEL CARMEN (PIJIÑO)', 681, 'Magdalena'),
	('PIVIJAY', 682, 'Magdalena'),
	('PLATO', 683, 'Magdalena'),
	('PUEBLOVIEJO', 684, 'Magdalena'),
	('REMOLINO', 685, 'Magdalena'),
	('SABANAS DE SAN ANGEL', 686, 'Magdalena'),
	('SALAMINA', 687, 'Magdalena'),
	('SAN SEBASTIAN DE BUENAVISTA', 688, 'Magdalena'),
	('SAN ZENON', 689, 'Magdalena'),
	('SANTA ANA', 690, 'Magdalena'),
	('SANTA MARTA (DISTRITO TURISTICO CULTURAL E HISTORICO DE SANTA MARTA)', 667, 'Magdalena'),
	('SITIONUEVO', 691, 'Magdalena'),
	('TENERIFE', 692, 'Magdalena'),
	('ACACIAS', 694, 'Meta'),
	('BARRANCA DE UPIA', 695, 'Meta'),
	('CABUYARO', 696, 'Meta'),
	('CASTILLA LA NUEVA', 697, 'Meta'),
	('CUMARAL', 699, 'Meta'),
	('EL CALVARIO', 700, 'Meta'),
	('EL CASTILLO', 701, 'Meta'),
	('EL DORADO', 702, 'Meta'),
	('FUENTE DE ORO', 703, 'Meta'),
	('GRANADA', 704, 'Meta'),
	('GUAMAL', 705, 'Meta'),
	('LA MACARENA', 708, 'Meta'),
	('LA URIBE', 709, 'Meta'),
	('LEJANIAS', 710, 'Meta'),
	('MAPIRIPAN', 706, 'Meta'),
	('MESETAS', 707, 'Meta'),
	('PUERTO CONCORDIA', 711, 'Meta'),
	('PUERTO GAITAN', 712, 'Meta'),
	('PUERTO LLERAS', 714, 'Meta'),
	('PUERTO LOPEZ', 713, 'Meta'),
	('PUERTO RICO', 715, 'Meta'),
	('RESTREPO', 716, 'Meta'),
	('SAN CARLOS DE GUAROA', 717, 'Meta'),
	('SAN JUAN DE ARAMA', 718, 'Meta'),
	('SAN JUANITO', 719, 'Meta'),
	('SAN LUIS DE CUBARRAL', 698, 'Meta'),
	('SAN MARTIN', 720, 'Meta'),
	('VILLAVICENCIO', 693, 'Meta'),
	('VISTAHERMOSA', 721, 'Meta'),
	('ALBAN (SAN JOSE)', 723, 'Nariño'),
	('ALDANA', 724, 'Nariño'),
	('ANCUYA', 725, 'Nariño'),
	('ARBOLEDA (BERRUECOS)', 726, 'Nariño'),
	('BARBACOAS', 727, 'Nariño'),
	('BELEN', 728, 'Nariño'),
	('BUESACO', 729, 'Nariño'),
	('CHACHAGUI', 737, 'Nariño'),
	('COLON (GENOVA)', 730, 'Nariño'),
	('CONSACA', 731, 'Nariño'),
	('CONTADERO', 732, 'Nariño'),
	('CORDOBA', 733, 'Nariño'),
	('CUASPUD (CARLOSAMA)', 734, 'Nariño'),
	('CUMBAL', 735, 'Nariño'),
	('CUMBITARA', 736, 'Nariño'),
	('EL CHARCO', 738, 'Nariño'),
	('EL PEÑOL', 739, 'Nariño'),
	('EL ROSARIO', 740, 'Nariño'),
	('EL TABLON', 741, 'Nariño'),
	('EL TAMBO', 742, 'Nariño'),
	('FRANCISCO PIZARRO (SALAHONDA)', 763, 'Nariño'),
	('FUNES', 743, 'Nariño'),
	('GUACHUCAL', 744, 'Nariño'),
	('GUAITARILLA', 745, 'Nariño'),
	('GUALMATAN', 746, 'Nariño'),
	('ILES', 747, 'Nariño'),
	('IMUES', 748, 'Nariño'),
	('IPIALES', 749, 'Nariño'),
	('LA CRUZ', 750, 'Nariño'),
	('LA FLORIDA', 751, 'Nariño'),
	('LA LLANADA', 752, 'Nariño'),
	('LA TOLA', 753, 'Nariño'),
	('LA UNION', 754, 'Nariño'),
	('LEIVA', 755, 'Nariño'),
	('LINARES', 756, 'Nariño'),
	('LOS ANDES (SOTOMAYOR)', 757, 'Nariño'),
	('MAGUI (PAYAN)', 758, 'Nariño'),
	('MALLAMA (PIEDRANCHA)', 759, 'Nariño'),
	('MOSQUERA', 760, 'Nariño'),
	('OLAYA HERRERA (BOCAS DE SATINGA)', 761, 'Nariño'),
	('OSPINA', 762, 'Nariño'),
	('PASTO (SAN JUAN DE PASTO)', 722, 'Nariño'),
	('POLICARPA', 764, 'Nariño'),
	('POTOSI', 765, 'Nariño'),
	('PROVIDENCIA', 766, 'Nariño'),
	('PUERRES', 767, 'Nariño'),
	('PUPIALES', 768, 'Nariño'),
	('RICAURTE', 769, 'Nariño'),
	('ROBERTO PAYAN (SAN JOSE)', 770, 'Nariño'),
	('SAMANIEGO', 771, 'Nariño'),
	('SAN BERNARDO', 773, 'Nariño'),
	('SAN LORENZO', 774, 'Nariño'),
	('SAN PABLO', 775, 'Nariño'),
	('SAN PEDRO DE CARTAGO', 776, 'Nariño'),
	('SANDONA', 772, 'Nariño'),
	('SANTA BARBARA (ISCUANDE)', 777, 'Nariño'),
	('SANTA CRUZ (GUACHAVES)', 778, 'Nariño'),
	('SAPUYES', 779, 'Nariño'),
	('TAMINANGO', 780, 'Nariño'),
	('TANGUA', 781, 'Nariño'),
	('TUMACO', 782, 'Nariño'),
	('TUQUERRES', 783, 'Nariño'),
	('YACUANQUER', 784, 'Nariño'),
	('ABREGO', 786, 'Norte de Santander'),
	('ARBOLEDAS', 787, 'Norte de Santander'),
	('BOCHALEMA', 788, 'Norte de Santander'),
	('BUCARASICA', 789, 'Norte de Santander'),
	('CACHIRA', 791, 'Norte de Santander'),
	('CACOTA', 790, 'Norte de Santander'),
	('CHINACOTA', 792, 'Norte de Santander'),
	('CHITAGA', 793, 'Norte de Santander'),
	('CONVENCION', 794, 'Norte de Santander'),
	('CUCUTA', 785, 'Norte de Santander'),
	('CUCUTILLA', 795, 'Norte de Santander'),
	('DURANIA', 796, 'Norte de Santander'),
	('EL CARMEN', 797, 'Norte de Santander'),
	('EL TARRA', 798, 'Norte de Santander'),
	('EL ZULIA', 799, 'Norte de Santander'),
	('GRAMALOTE', 800, 'Norte de Santander'),
	('HACARI', 801, 'Norte de Santander'),
	('HERRAN', 802, 'Norte de Santander'),
	('LA ESPERANZA', 804, 'Norte de Santander'),
	('LA PLAYA', 805, 'Norte de Santander'),
	('LABATECA', 803, 'Norte de Santander'),
	('LOS PATIOS', 806, 'Norte de Santander'),
	('LOURDES', 807, 'Norte de Santander'),
	('MUTISCUA', 808, 'Norte de Santander'),
	('OCAÑA', 809, 'Norte de Santander'),
	('PAMPLONA', 810, 'Norte de Santander'),
	('PAMPLONITA', 811, 'Norte de Santander'),
	('PUERTO SANTANDER', 812, 'Norte de Santander'),
	('RAGONVALIA', 813, 'Norte de Santander'),
	('SALAZAR', 814, 'Norte de Santander'),
	('SAN CALIXTO', 815, 'Norte de Santander'),
	('SAN CAYETANO', 816, 'Norte de Santander'),
	('SANTIAGO', 817, 'Norte de Santander'),
	('SARDINATA', 818, 'Norte de Santander'),
	('SILOS', 819, 'Norte de Santander'),
	('TEORAMA', 820, 'Norte de Santander'),
	('TIBU', 821, 'Norte de Santander'),
	('TOLEDO', 822, 'Norte de Santander'),
	('VILLA DEL ROSARIO', 824, 'Norte de Santander'),
	('VILLACARO', 823, 'Norte de Santander'),
	('COLON', 1078, 'Putumayo'),
	('LA HORMIGA (VALLE DEL GUAMUEZ)', 1088, 'Putumayo'),
	('MOCOA', 1077, 'Putumayo'),
	('ORITO', 1079, 'Putumayo'),
	('PUERTO ASIS', 1080, 'Putumayo'),
	('PUERTO CAICEDO', 1081, 'Putumayo'),
	('PUERTO GUZMAN', 1082, 'Putumayo'),
	('PUERTO LEGUIZAMO', 1083, 'Putumayo'),
	('SAN FRANCISCO', 1085, 'Putumayo'),
	('SAN MIGUEL (LA DORADA)', 1086, 'Putumayo'),
	('SANTIAGO', 1087, 'Putumayo'),
	('SIBUNDOY', 1084, 'Putumayo'),
	('VILLAGARZON', 1089, 'Putumayo'),
	('ARMENIA', 825, 'Quindio'),
	('BUENAVISTA', 826, 'Quindio'),
	('CALARCA', 827, 'Quindio'),
	('CIRCASIA', 828, 'Quindio'),
	('CORDOBA', 829, 'Quindio'),
	('FILANDIA', 830, 'Quindio'),
	('GENOVA', 831, 'Quindio'),
	('LA TEBAIDA', 832, 'Quindio'),
	('MONTENEGRO', 833, 'Quindio'),
	('PIJAO', 834, 'Quindio'),
	('QUIMBAYA', 835, 'Quindio'),
	('SALENTO', 836, 'Quindio'),
	('APIA', 838, 'Risaralda'),
	('BALBOA', 839, 'Risaralda'),
	('BELEN DE UMBRIA', 840, 'Risaralda'),
	('DOS QUEBRADAS', 841, 'Risaralda'),
	('GUATICA', 842, 'Risaralda'),
	('LA CELIA', 843, 'Risaralda'),
	('LA VIRGINIA', 844, 'Risaralda'),
	('MARSELLA', 845, 'Risaralda'),
	('MISTRATO', 846, 'Risaralda'),
	('PEREIRA', 837, 'Risaralda'),
	('PUEBLO RICO', 847, 'Risaralda'),
	('QUINCHIA', 848, 'Risaralda'),
	('SANTA ROSA DE CABAL', 849, 'Risaralda'),
	('SANTUARIO', 850, 'Risaralda'),
	('PROVIDENCIA', 1091, 'San Andres'),
	('SAN ANDRES', 1090, 'San Andres'),
	('AGUADA', 852, 'Santander'),
	('ALBANIA', 853, 'Santander'),
	('ARATOCA', 854, 'Santander'),
	('BARBOSA', 855, 'Santander'),
	('BARICHARA', 856, 'Santander'),
	('BARRANCABERMEJA', 857, 'Santander'),
	('BETULIA', 858, 'Santander'),
	('BOLIVAR', 859, 'Santander'),
	('BUCARAMANGA', 851, 'Santander'),
	('CABRERA', 860, 'Santander'),
	('CALIFORNIA', 861, 'Santander'),
	('CAPITANEJO', 862, 'Santander'),
	('CARCASI', 863, 'Santander'),
	('CEPITA', 864, 'Santander'),
	('CERRITO', 865, 'Santander'),
	('CHARALA', 866, 'Santander'),
	('CHARTA', 867, 'Santander'),
	('CHIMA', 868, 'Santander'),
	('CHIPATA', 869, 'Santander'),
	('CIMITARRA', 870, 'Santander'),
	('CONCEPCION', 871, 'Santander'),
	('CONFINES', 872, 'Santander'),
	('CONTRATACION', 873, 'Santander'),
	('COROMORO', 874, 'Santander'),
	('CURITI', 875, 'Santander'),
	('EL CARMEN DE CHUCURY', 876, 'Santander'),
	('EL GUACAMAYO', 877, 'Santander'),
	('EL PEÑON', 878, 'Santander'),
	('EL PLAYON', 879, 'Santander'),
	('ENCINO', 880, 'Santander'),
	('ENCISO', 881, 'Santander'),
	('FLORIAN', 882, 'Santander'),
	('FLORIDABLANCA', 883, 'Santander'),
	('GALAN', 884, 'Santander'),
	('GAMBITA', 885, 'Santander'),
	('GIRON', 886, 'Santander'),
	('GUACA', 887, 'Santander'),
	('GUADALUPE', 888, 'Santander'),
	('GUAPOTA', 889, 'Santander'),
	('GUAVATA', 890, 'Santander'),
	('GUEPSA', 891, 'Santander'),
	('HATO', 892, 'Santander'),
	('JESUS MARIA', 893, 'Santander'),
	('JORDAN', 894, 'Santander'),
	('LA BELLEZA', 895, 'Santander'),
	('LA PAZ', 897, 'Santander'),
	('LANDAZURI', 896, 'Santander'),
	('LEBRIJA', 898, 'Santander'),
	('LOS SANTOS', 899, 'Santander'),
	('MACARAVITA', 900, 'Santander'),
	('MALAGA', 901, 'Santander'),
	('MATANZA', 902, 'Santander'),
	('MOGOTES', 903, 'Santander'),
	('MOLAGAVITA', 904, 'Santander'),
	('OCAMONTE', 905, 'Santander'),
	('OIBA', 906, 'Santander'),
	('ONZAGA', 907, 'Santander'),
	('PALMAR', 908, 'Santander'),
	('PALMAS DEL SOCORRO', 909, 'Santander'),
	('PARAMO', 910, 'Santander'),
	('PIEDECUESTA', 911, 'Santander'),
	('PINCHOTE', 912, 'Santander'),
	('PUENTE NACIONAL', 913, 'Santander'),
	('PUERTO PARRA', 914, 'Santander'),
	('PUERTO WILCHES', 915, 'Santander'),
	('RIONEGRO', 916, 'Santander'),
	('SABANA DE TORRES', 917, 'Santander'),
	('SAN ANDRES', 918, 'Santander'),
	('SAN BENITO', 919, 'Santander'),
	('SAN GIL', 920, 'Santander'),
	('SAN JOAQUIN', 921, 'Santander'),
	('SAN JOSE DE MIRANDA', 922, 'Santander'),
	('SAN MIGUEL', 923, 'Santander'),
	('SAN VICENTE DE CHUCURI', 924, 'Santander'),
	('SANTA BARBARA', 925, 'Santander'),
	('SANTA HELENA DEL OPON', 926, 'Santander'),
	('SIMACOTA', 927, 'Santander'),
	('SOCORRO', 928, 'Santander'),
	('SUAITA', 929, 'Santander'),
	('SUCRE', 930, 'Santander'),
	('SURATA', 931, 'Santander'),
	('TONA', 932, 'Santander'),
	('VALLE SAN JOSE', 933, 'Santander'),
	('VELEZ', 934, 'Santander'),
	('VETAS', 935, 'Santander'),
	('VILLANUEVA', 936, 'Santander'),
	('ZAPATOCA', 937, 'Santander'),
	('BUENAVISTA', 939, 'Sucre'),
	('CAIMITO', 940, 'Sucre'),
	('CHALAN', 943, 'Sucre'),
	('COLOSO (RICAURTE)', 941, 'Sucre'),
	('COROZAL', 942, 'Sucre'),
	('GALERAS (NUEVA GRANADA)', 944, 'Sucre'),
	('GUARANDA', 945, 'Sucre'),
	('LA UNION', 946, 'Sucre'),
	('LOS PALMITOS', 947, 'Sucre'),
	('MAJAGUAL', 948, 'Sucre'),
	('MORROA', 949, 'Sucre'),
	('OVEJAS', 950, 'Sucre'),
	('PALMITO', 951, 'Sucre'),
	('SAMPUES', 952, 'Sucre'),
	('SAN BENITO ABAD', 953, 'Sucre'),
	('SAN JUAN DE BETULIA', 954, 'Sucre'),
	('SAN MARCOS', 955, 'Sucre'),
	('SAN ONOFRE', 956, 'Sucre'),
	('SAN PEDRO', 957, 'Sucre'),
	('SINCE', 958, 'Sucre'),
	('SINCELEJO', 938, 'Sucre'),
	('SUCRE', 959, 'Sucre'),
	('TOLU', 960, 'Sucre'),
	('TOLUVIEJO', 961, 'Sucre'),
	('ALPUJARRA', 963, 'Tolima'),
	('ALVARADO', 964, 'Tolima'),
	('AMBALEMA', 965, 'Tolima'),
	('ANZOATEGUI', 966, 'Tolima'),
	('ARMERO (GUAYABAL)', 967, 'Tolima'),
	('ATACO', 968, 'Tolima'),
	('CAJAMARCA', 969, 'Tolima'),
	('CARMEN APICALA', 970, 'Tolima'),
	('CASABIANCA', 971, 'Tolima'),
	('CHAPARRAL', 972, 'Tolima'),
	('COELLO', 973, 'Tolima'),
	('COYAIMA', 974, 'Tolima'),
	('CUNDAY', 975, 'Tolima'),
	('DOLORES', 976, 'Tolima'),
	('ESPINAL', 977, 'Tolima'),
	('FALAN', 978, 'Tolima'),
	('FLANDES', 979, 'Tolima'),
	('FRESNO', 980, 'Tolima'),
	('GUAMO', 981, 'Tolima'),
	('HERVEO', 982, 'Tolima'),
	('HONDA', 983, 'Tolima'),
	('IBAGUE', 962, 'Tolima'),
	('ICONONZO', 984, 'Tolima'),
	('LERIDA', 985, 'Tolima'),
	('LIBANO', 986, 'Tolima'),
	('MARIQUITA', 987, 'Tolima'),
	('MELGAR', 988, 'Tolima'),
	('MURILLO', 989, 'Tolima'),
	('NATAGAIMA', 990, 'Tolima'),
	('ORTEGA', 991, 'Tolima'),
	('PALOCABILDO', 992, 'Tolima'),
	('PIEDRAS', 993, 'Tolima'),
	('PLANADAS', 994, 'Tolima'),
	('PRADO', 995, 'Tolima'),
	('PURIFICACION', 996, 'Tolima'),
	('RIOBLANCO', 997, 'Tolima'),
	('RONCESVALLES', 998, 'Tolima'),
	('ROVIRA', 999, 'Tolima'),
	('SALDAÑA', 1000, 'Tolima'),
	('SAN ANTONIO', 1001, 'Tolima'),
	('SAN LUIS', 1002, 'Tolima'),
	('SANTA ISABEL', 1003, 'Tolima'),
	('SUAREZ', 1004, 'Tolima'),
	('VALLE DE SAN JUAN', 1005, 'Tolima'),
	('VENADILLO', 1006, 'Tolima'),
	('VILLAHERMOSA', 1007, 'Tolima'),
	('VILLARRICA', 1008, 'Tolima'),
	('ALCALA', 1010, 'Valle'),
	('ANDALUCIA', 1011, 'Valle'),
	('ANSERMANUEVO', 1012, 'Valle'),
	('ARGELIA', 1013, 'Valle'),
	('BOLIVAR', 1014, 'Valle'),
	('BUENAVENTURA', 1015, 'Valle'),
	('BUGA', 1016, 'Valle'),
	('BUGALAGRANDE', 1017, 'Valle'),
	('CAICEDONIA', 1018, 'Valle'),
	('CALI (SANTIAGO DE CALI)', 1009, 'Valle'),
	('CALIMA (DARIEN)', 1019, 'Valle'),
	('CANDELARIA', 1020, 'Valle'),
	('CARTAGO', 1021, 'Valle'),
	('DAGUA', 1022, 'Valle'),
	('EL AGUILA', 1023, 'Valle'),
	('EL CAIRO', 1024, 'Valle'),
	('EL CERRITO', 1025, 'Valle'),
	('EL DOVIO', 1026, 'Valle'),
	('FLORIDA', 1027, 'Valle'),
	('GINEBRA', 1028, 'Valle'),
	('GUACARI', 1029, 'Valle'),
	('JAMUNDI', 1030, 'Valle'),
	('LA CUMBRE', 1031, 'Valle'),
	('LA UNION', 1032, 'Valle'),
	('LA VICTORIA', 1033, 'Valle'),
	('OBANDO', 1034, 'Valle'),
	('PALMIRA', 1035, 'Valle'),
	('PRADERA', 1036, 'Valle'),
	('RESTREPO', 1037, 'Valle'),
	('RIOFRIO', 1038, 'Valle'),
	('ROLDANILLO', 1039, 'Valle'),
	('SAN PEDRO', 1040, 'Valle'),
	('SEVILLA', 1041, 'Valle'),
	('TORO', 1042, 'Valle'),
	('TRUJILLO', 1043, 'Valle'),
	('TULUA', 1044, 'Valle'),
	('ULLOA', 1045, 'Valle'),
	('VERSALLES', 1046, 'Valle'),
	('VIJES', 1047, 'Valle'),
	('YOTOCO', 1048, 'Valle'),
	('YUMBO', 1049, 'Valle'),
	('ZARZAL', 1050, 'Valle'),
	('CARURU', 1116, 'Vaupes'),
	('MITU', 1115, 'Vaupes'),
	('PACOA', 1117, 'Vaupes'),
	('PAPUNAUA (MORICHAL)', 1119, 'Vaupes'),
	('TARAIRA', 1118, 'Vaupes'),
	('YAVARATE', 1120, 'Vaupes'),
	('CUMARIBO', 1126, 'Vichada'),
	('LA PRIMAVERA', 1122, 'Vichada'),
	('PUERTO CARREÑO', 1121, 'Vichada'),
	('SAN JOSE DE OCUNE', 1125, 'Vichada'),
	('SANTA RITA', 1123, 'Vichada'),
	('SANTA ROSALIA', 1124, 'Vichada');
/*!40000 ALTER TABLE `municipios` ENABLE KEYS */;

/*!40101 SET SQL_MODE=IFNULL(@OLD_SQL_MODE, '') */;
/*!40014 SET FOREIGN_KEY_CHECKS=IFNULL(@OLD_FOREIGN_KEY_CHECKS, 1) */;
/*!40101 SET CHARACTER_SET_CLIENT=@OLD_CHARACTER_SET_CLIENT */;
/*!40111 SET SQL_NOTES=IFNULL(@OLD_SQL_NOTES, 1) */;
